{"flu_cases":{"24":0.0,"25":0.0,"26":0.0,"27":0.0,"28":0.0,"29":0.0,"30":0.0,"31":0.0,"32":0.0,"0":13021.0,"1":13291.0,"2":14357.0,"3":15845.0,"4":17081.0,"5":18972.0,"6":21784.0,"7":19715.0,"8":23692.0,"9":24812.0,"10":31453.0,"11":42535.0,"12":44965.0,"13":47196.0,"14":56633.0,"15":62885.0,"16":76992.0,"17":84926.0,"18":86909.0,"19":75004.0,"20":52010.0,"21":34714.0,"22":27738.0,"23":22781.0},"flu_percent":{"24":0.0,"25":0.0,"26":0.0,"27":0.0,"28":0.0,"29":0.0,"30":0.0,"31":0.0,"32":0.0,"0":1.4011456,"1":1.4301994,"2":1.544908,"3":1.7050266,"4":1.8380284,"5":2.0415125,"6":2.3441022,"7":2.1214642,"8":2.5494156,"9":2.669935,"10":3.3845505,"11":4.5770469,"12":4.8385309,"13":5.0786012,"14":6.0940848,"15":6.7668412,"16":8.2848476,"17":9.1385984,"18":9.3519823,"19":8.0709257,"20":5.5966194,"21":3.7354556,"22":2.984792,"23":2.451386},"week":{"24":1.0,"25":2.0,"26":3.0,"27":4.0,"28":5.0,"29":6.0,"30":7.0,"31":8.0,"32":9.0,"0":10.0,"1":11.0,"2":12.0,"3":13.0,"4":14.0,"5":15.0,"6":16.0,"7":17.0,"8":18.0,"9":19.0,"10":20.0,"11":21.0,"12":22.0,"13":23.0,"14":24.0,"15":25.0,"16":26.0,"17":27.0,"18":28.0,"19":29.0,"20":30.0,"21":31.0,"22":32.0,"23":33.0},"vac_pct_week":{"24":0.169688,"25":0.337779,"26":0.540393,"27":0.96092,"28":1.6295,"29":2.8252,"30":3.67352,"31":4.5206,"32":5.6764,"0":5.268,"1":4.7845,"2":3.8834,"3":2.946,"4":2.3654,"5":1.8807,"6":0.8675,"7":1.1213,"8":0.9337,"9":0.7364,"10":0.4883,"11":0.2095,"12":0.1009,"13":0.0651,"14":0.0026,"15":0.0,"16":0.0,"17":0.0,"18":0.0,"19":0.0,"20":0.0,"21":0.0,"22":0.0,"23":0.0},"vac_percent":{"24":0.169688,"25":0.507467,"26":1.04786,"27":2.00878,"28":3.63828,"29":6.46348,"30":10.137,"31":14.6576,"32":20.334,"0":25.602,"1":30.3865,"2":34.2699,"3":37.2159,"4":39.5813,"5":41.462,"6":42.3295,"7":43.4508,"8":44.3845,"9":45.1209,"10":45.6092,"11":45.8187,"12":45.9196,"13":45.9847,"14":45.9873,"15":45.9873,"16":0.0,"17":0.0,"18":0.0,"19":0.0,"20":0.0,"21":0.0,"22":0.0,"23":0.0},"vaccinations":{"24":31422333.0,"25":31422333.0,"26":31422333.0,"27":31422333.0,"28":31422333.0,"29":31422333.0,"30":31422333.0,"31":31422333.0,"32":31422333.0,"0":31422333.0,"1":31422333.0,"2":31422333.0,"3":31422333.0,"4":31422333.0,"5":31422333.0,"6":31422333.0,"7":31422333.0,"8":31422333.0,"9":31422333.0,"10":31422333.0,"11":31422333.0,"12":31422333.0,"13":31422333.0,"14":31422333.0,"15":31422333.0,"16":0.0,"17":0.0,"18":0.0,"19":0.0,"20":0.0,"21":0.0,"22":0.0,"23":0.0}}