{"Year":{"0":2017,"1":2017,"2":2017,"3":2017,"4":2017,"5":2017,"6":2017,"7":2017,"8":2017,"9":2017,"10":2017,"11":2017,"12":2017,"13":2018,"14":2018,"15":2018,"16":2018,"17":2018,"18":2018,"19":2018,"20":2018,"21":2018,"22":2018,"23":2018},"Week":{"0":40,"1":41,"2":42,"3":43,"4":44,"5":45,"6":46,"7":47,"8":48,"9":49,"10":50,"11":51,"12":52,"13":1,"14":2,"15":3,"16":4,"17":5,"18":6,"19":7,"20":8,"21":9,"22":10,"23":11},"Cases":{"0":13021,"1":13291,"2":14357,"3":15845,"4":17081,"5":18972,"6":21784,"7":19715,"8":23692,"9":24812,"10":31453,"11":42535,"12":44965,"13":47196,"14":56633,"15":62885,"16":76992,"17":84926,"18":86909,"19":75004,"20":52010,"21":34714,"22":27738,"23":22781},"Percent":{"0":1.4011456,"1":1.4301994,"2":1.544908,"3":1.7050266,"4":1.8380284,"5":2.0415125,"6":2.3441022,"7":2.1214642,"8":2.5494156,"9":2.669935,"10":3.3845505,"11":4.5770469,"12":4.8385309,"13":5.0786012,"14":6.0940848,"15":6.7668412,"16":8.2848476,"17":9.1385984,"18":9.3519823,"19":8.0709257,"20":5.5966194,"21":3.7354556,"22":2.984792,"23":2.451386}}