{"vaccinations":{"0":31422333,"1":31422333,"2":31422333,"3":31422333,"4":31422333,"5":31422333,"6":31422333,"7":31422333,"8":31422333,"9":31422333,"10":31422333,"11":31422333,"12":31422333,"13":31422333,"14":31422333,"15":31422333,"16":31422333,"17":31422333,"18":31422333,"19":31422333,"20":31422333,"21":31422333,"22":31422333,"23":31422333,"24":31422333},"vac_percent":{"0":0.169688,"1":0.507467,"2":1.04786,"3":2.00878,"4":3.63828,"5":6.46348,"6":10.137,"7":14.6576,"8":20.334,"9":25.602,"10":30.3865,"11":34.2699,"12":37.2159,"13":39.5813,"14":41.462,"15":42.3295,"16":43.4508,"17":44.3845,"18":45.1209,"19":45.6092,"20":45.8187,"21":45.9196,"22":45.9847,"23":45.9873,"24":45.9873},"week":{"0":1,"1":2,"2":3,"3":4,"4":5,"5":6,"6":7,"7":8,"8":9,"9":10,"10":11,"11":12,"12":13,"13":14,"14":15,"15":16,"16":17,"17":18,"18":19,"19":20,"20":21,"21":22,"22":23,"23":24,"24":25},"vac_pct_week":{"0":0.169688,"1":0.337779,"2":0.540393,"3":0.96092,"4":1.6295,"5":2.8252,"6":3.67352,"7":4.5206,"8":5.6764,"9":5.268,"10":4.7845,"11":3.8834,"12":2.946,"13":2.3654,"14":1.8807,"15":0.8675,"16":1.1213,"17":0.9337,"18":0.7364,"19":0.4883,"20":0.2095,"21":0.1009,"22":0.0651,"23":0.0026,"24":0.0}}