{"vaccinations":{"0":31422333,"1":31422333,"2":31422333,"3":31422333,"4":31422333,"5":31422333,"6":31422333,"7":31422333,"8":31422333,"9":31422333,"10":31422333,"11":31422333,"12":31422333,"13":31422333,"14":31422333,"15":31422333,"16":31422333,"17":31422333,"18":31422333,"19":31422333,"20":31422333,"21":31422333,"22":31422333,"23":31422333,"24":31422333},"vac_percent":{"0":0.00169688,"1":0.00507467,"2":0.0104786,"3":0.0200878,"4":0.0363828,"5":0.0646348,"6":0.10137,"7":0.146576,"8":0.20334,"9":0.25602,"10":0.303865,"11":0.342699,"12":0.372159,"13":0.395813,"14":0.41462,"15":0.423295,"16":0.434508,"17":0.443845,"18":0.451209,"19":0.456092,"20":0.458187,"21":0.459196,"22":0.459847,"23":0.459873,"24":0.459873},"week":{"0":1,"1":2,"2":3,"3":4,"4":5,"5":6,"6":7,"7":8,"8":9,"9":10,"10":11,"11":12,"12":13,"13":14,"14":15,"15":16,"16":17,"17":18,"18":19,"19":20,"20":21,"21":22,"22":23,"23":24,"24":25}}