{"0": {"cases": 13021.0, "year": 2017.0, "flu_percent": 1.4011456, "week": 40.0, "vaccinations": 0, "vac_percent": 0}, "1": {"cases": 13291.0, "year": 2017.0, "flu_percent": 1.4301993999999998, "week": 41.0, "vaccinations": 0, "vac_percent": 0}, "2": {"cases": 14357.0, "year": 2017.0, "flu_percent": 1.5449079999999999, "week": 42.0, "vaccinations": 0, "vac_percent": 0}, "3": {"cases": 15845.0, "year": 2017.0, "flu_percent": 1.7050266000000001, "week": 43.0, "vaccinations": 0, "vac_percent": 0}, "4": {"cases": 17081.0, "year": 2017.0, "flu_percent": 1.8380284, "week": 44.0, "vaccinations": 0, "vac_percent": 0}, "5": {"cases": 18972.0, "year": 2017.0, "flu_percent": 2.0415125000000001, "week": 45.0, "vaccinations": 0, "vac_percent": 0}, "6": {"cases": 21784.0, "year": 2017.0, "flu_percent": 2.3441022, "week": 46.0, "vaccinations": 0, "vac_percent": 0}, "7": {"cases": 19715.0, "year": 2017.0, "flu_percent": 2.1214642000000001, "week": 47.0, "vaccinations": 0, "vac_percent": 0}, "8": {"cases": 23692.0, "year": 2017.0, "flu_percent": 2.5494156000000001, "week": 48.0, "vaccinations": 0, "vac_percent": 0}, "9": {"cases": 24812.0, "year": 2017.0, "flu_percent": 2.6699349999999997, "week": 49.0, "vaccinations": 0, "vac_percent": 0}, "10": {"cases": 31453.0, "year": 2017.0, "flu_percent": 3.3845504999999996, "week": 50.0, "vaccinations": 0, "vac_percent": 0}, "11": {"cases": 42535.0, "year": 2017.0, "flu_percent": 4.5770469, "week": 51.0, "vaccinations": 0, "vac_percent": 0}, "12": {"cases": 44965.0, "year": 2017.0, "flu_percent": 4.8385309000000003, "week": 52.0, "vaccinations": 0, "vac_percent": 0}, "13": {"cases": 47196.0, "year": 2018.0, "flu_percent": 5.0786012000000005, "week": 1.0, "vaccinations": 0, "vac_percent": 0}, "14": {"cases": 56633.0, "year": 2018.0, "flu_percent": 6.0940848000000001, "week": 2.0, "vaccinations": 0, "vac_percent": 0}, "15": {"cases": 62885.0, "year": 2018.0, "flu_percent": 6.7668412, "week": 3.0, "vaccinations": 0, "vac_percent": 0}, "16": {"cases": 76992.0, "year": 2018.0, "flu_percent": 8.2848475999999991, "week": 4.0, "vaccinations": 0, "vac_percent": 0}, "17": {"cases": 84926.0, "year": 2018.0, "flu_percent": 9.1385983999999993, "week": 5.0, "vaccinations": 0, "vac_percent": 0}, "18": {"cases": 86909.0, "year": 2018.0, "flu_percent": 9.3519822999999995, "week": 6.0, "vaccinations": 0, "vac_percent": 0}, "19": {"cases": 75004.0, "year": 2018.0, "flu_percent": 8.0709257000000001, "week": 7.0, "vaccinations": 0, "vac_percent": 0}, "20": {"cases": 52010.0, "year": 2018.0, "flu_percent": 5.5966194000000007, "week": 8.0, "vaccinations": 0, "vac_percent": 0}, "21": {"cases": 34714.0, "year": 2018.0, "flu_percent": 3.7354556000000003, "week": 9.0, "vaccinations": 0, "vac_percent": 0}, "22": {"cases": 27738.0, "year": 2018.0, "flu_percent": 2.9847919999999997, "week": 10.0, "vaccinations": 0, "vac_percent": 0}, "23": {"cases": 22781.0, "year": 2018.0, "flu_percent": 2.4513859999999998, "week": 11.0, "vaccinations": 0, "vac_percent": 0}}